{"parts":[{"indices":[0,1,2,3,0,2,2,1,0,2,0,3],"material":"forcefield_inside1","vertices":[{"position":[-0.6000000000000000,0.000000000000000,0.000000000000000],"texCoord":[1.000000000000000,0.000000000000000]},{"position":[0.6000000000000000,0.000000000000000,0.000000000000000],"texCoord":[0.000000000000000,0.000000000000000]},{"position":[0.6000000000000000,2.400000000000000,0.000000000000000],"texCoord":[0.000000000000000,1.000000000000000]},{"position":[-0.6000000000000000,2.400000000000000,0.000000000000000],"texCoord":[1.000000000000000,1.000000000000000]}]}],"physModel":{"indices":[0,1,2,3,0,2,2,1,0,2,0,3],"type":"mesh","vertices":[[-0.6000000000000000,0.000000000000000,0.000000000000000],[0.6000000000000000,0.000000000000000,0.000000000000000],[0.6000000000000000,2.400000000000000,0.000000000000000],[-0.6000000000000000,2.400000000000000,0.000000000000000]]},"type":"static"}